File,sample,4-methoxybenzaldehyde vol,btz vol,btz_rawnorm,btz_quant_factor_4methoxonly,ng_per_sample,mg_per_L,ug_btz_per_L
GCxGC_20200929_1128,MDOM_0724,5084,26678,5.247442958,0.38,13.80906042,1.05,0.289990269
GCxGC_20200929_1510,,7072,24902,3.521210407,0.38,9.266343177,1.1,0.20385955
GCxGC_20200929_1700,,6906,99252,14.37185056,0.38,37.82065938,1.31,0.990901276
GCxGC_20200929_1850,,4525,11938,2.638232044,0.38,6.942715906,1.58,0.219389823
GCxGC_20200930_1205,,1898,35266,18.58061117,0.38,48.89634518,1.57,1.535345239
GCxGC_20200930_1357,,2223,23104,10.39316239,0.38,27.35042735,1.67,0.913504274
GCxGC_20200930_1548,,1463,1440,0.984278879,0.38,2.590207576,1.77,0.091693348
GCxGC_20200930_1740,,1165,3998,3.431759657,0.38,9.030946465,,0
